Property,mean +/- sd,n,Source,Notes,cell_type,marker_profile,protocol_id,mean,sd,sem,q_low,q_high,q_low_label,q_high_label,stat_type,unit,source_file,source_location,source_url,data_kind,extraction_method,include_in_validation,include_in_fi_validation,confidence,note_ids,reported_value_raw
AHP Amplitude,14.8 +/- 3.2,10,Burton & Urban (2014),mV,MC,principal_cell,,14.8,3.2,,,,,,mean_sd,mV,MC_TC_spike_frequency_references - 4_mitral_cell_ephys.csv,Committed Burton 2014 legacy mitral-cell summary CSV,,intrinsic_property,legacy_csv,true,false,high,,14.8 +/- 3.2
AHP Amplitude,19.5 +/- 6.2,48,Yu et al. (2015),mV,MC,principal_cell,,19.5,6.2,,,,,,mean_sd,mV,MC_TC_spike_frequency_references - 4_mitral_cell_ephys.csv,Committed Burton 2014 legacy mitral-cell summary CSV,,intrinsic_property,legacy_csv,true,false,high,,19.5 +/- 6.2
AHP Duration,5.2 +/- 1.8,48,Yu et al. (2015),ms,MC,principal_cell,,5.2,1.8,,,,,,mean_sd,ms,MC_TC_spike_frequency_references - 4_mitral_cell_ephys.csv,Committed Burton 2014 legacy mitral-cell summary CSV,,intrinsic_property,legacy_csv,true,false,high,,5.2 +/- 1.8
AHP Duration,58.2 +/- 77.5,35,Burton & Urban (2014),ms,MC,principal_cell,,58.2,77.5,,,,,,mean_sd,ms,MC_TC_spike_frequency_references - 4_mitral_cell_ephys.csv,Committed Burton 2014 legacy mitral-cell summary CSV,,intrinsic_property,legacy_csv,true,false,high,,58.2 +/- 77.5
AP Amplitude,63.2 +/- 10.4,48,Yu et al. (2015),mV,MC,principal_cell,,63.2,10.4,,,,,,mean_sd,mV,MC_TC_spike_frequency_references - 4_mitral_cell_ephys.csv,Committed Burton 2014 legacy mitral-cell summary CSV,,intrinsic_property,legacy_csv,true,false,high,,63.2 +/- 10.4
AP Amplitude,76.2 +/- 5.4,10,Burton & Urban (2014),mV,MC,principal_cell,,76.2,5.4,,,,,,mean_sd,mV,MC_TC_spike_frequency_references - 4_mitral_cell_ephys.csv,Committed Burton 2014 legacy mitral-cell summary CSV,,intrinsic_property,legacy_csv,true,false,high,,76.2 +/- 5.4
AP Half-Width,1.06 +/- 0.2,10,Burton & Urban (2014),ms,MC,principal_cell,,1.06,0.2,,,,,,mean_sd,ms,MC_TC_spike_frequency_references - 4_mitral_cell_ephys.csv,Committed Burton 2014 legacy mitral-cell summary CSV,,intrinsic_property,legacy_csv,true,false,high,,1.06 +/- 0.2
AP Half-Width,1.2 +/- 0.2,48,Yu et al. (2015),ms,MC,principal_cell,,1.2,0.2,,,,,,mean_sd,ms,MC_TC_spike_frequency_references - 4_mitral_cell_ephys.csv,Committed Burton 2014 legacy mitral-cell summary CSV,,intrinsic_property,legacy_csv,true,false,high,,1.2 +/- 0.2
AP Peak,16.4 +/- 9,48,Yu et al. (2015),mV,MC,principal_cell,,16.4,9.0,,,,,,mean_sd,,MC_TC_spike_frequency_references - 4_mitral_cell_ephys.csv,Committed Burton 2014 legacy mitral-cell summary CSV,,intrinsic_property,legacy_csv,true,false,high,,16.4 +/- 9
AP Threshold,-55.2 +/- 3,10,Burton & Urban (2014),mV,MC,principal_cell,,-55.2,3.0,,,,,,mean_sd,mV,MC_TC_spike_frequency_references - 4_mitral_cell_ephys.csv,Committed Burton 2014 legacy mitral-cell summary CSV,,intrinsic_property,legacy_csv,true,false,high,,-55.2 +/- 3
AP Threshold,-46.8 +/- 8.7,48,Yu et al. (2015),mV,MC,principal_cell,,-46.8,8.7,,,,,,mean_sd,mV,MC_TC_spike_frequency_references - 4_mitral_cell_ephys.csv,Committed Burton 2014 legacy mitral-cell summary CSV,,intrinsic_property,legacy_csv,true,false,high,,-46.8 +/- 8.7
Capacitance,235.1 +/- 137.1,48,Yu et al. (2015),pF,MC,principal_cell,,235.1,137.1,,,,,,mean_sd,pF,MC_TC_spike_frequency_references - 4_mitral_cell_ephys.csv,Committed Burton 2014 legacy mitral-cell summary CSV,,intrinsic_property,legacy_csv,true,false,high,,235.1 +/- 137.1
Capacitance,236.4 +/- 94.6,35,Burton & Urban (2014),pF,MC,principal_cell,,236.4,94.6,,,,,,mean_sd,pF,MC_TC_spike_frequency_references - 4_mitral_cell_ephys.csv,Committed Burton 2014 legacy mitral-cell summary CSV,,intrinsic_property,legacy_csv,true,false,high,,236.4 +/- 94.6
FI Curve Slope,196 +/- 76,35,Burton & Urban (2014),Hz/nA - PRIMARY spike-frequency-vs-drive metric,MC,principal_cell,BU2014_MC_TC_2s_0_300pA_50pA,196.0,76.0,,,,,,mean_sd,Hz/nA,MC_TC_spike_frequency_references - 4_mitral_cell_ephys.csv,Committed Burton 2014 legacy mitral-cell summary CSV,,fI_summary_metric,legacy_csv,true,true,high,N_FI_PROTOCOL_DIFFERENCE,196 +/- 76
ISI Coefficient of Variation,0.31 +/- 0.33,48,Yu et al. (2015),Dimensionless,MC,principal_cell,BU2014_MC_TC_2s_0_300pA_50pA,0.31,0.33,,,,,,mean_sd,,MC_TC_spike_frequency_references - 4_mitral_cell_ephys.csv,Committed Burton 2014 legacy mitral-cell summary CSV,,fI_summary_metric,legacy_csv,true,true,high,N_FI_PROTOCOL_DIFFERENCE,0.31 +/- 0.33
ISI Coefficient of Variation,0.45 +/- 0.29,35,Burton & Urban (2014),Dimensionless,MC,principal_cell,BU2014_MC_TC_2s_0_300pA_50pA,0.45,0.29,,,,,,mean_sd,,MC_TC_spike_frequency_references - 4_mitral_cell_ephys.csv,Committed Burton 2014 legacy mitral-cell summary CSV,,fI_summary_metric,legacy_csv,true,true,high,N_FI_PROTOCOL_DIFFERENCE,0.45 +/- 0.29
Input Resistance,19 +/- 7,5,Hovis et al. (2010),MOhm,MC,principal_cell,,19.0,7.0,,,,,,mean_sd,MOhm,MC_TC_spike_frequency_references - 4_mitral_cell_ephys.csv,Committed Burton 2014 legacy mitral-cell summary CSV,,intrinsic_property,legacy_csv,true,false,high,,19 +/- 7
Input Resistance,59 +/- 30,29,Abraham et al. (2010),MOhm,MC,principal_cell,,59.0,30.0,,,,,,mean_sd,MOhm,MC_TC_spike_frequency_references - 4_mitral_cell_ephys.csv,Committed Burton 2014 legacy mitral-cell summary CSV,,intrinsic_property,legacy_csv,true,false,high,,59 +/- 30
Input Resistance,68 +/- 21.9,30,Christie et al. (2005),MOhm,MC,principal_cell,,68.0,21.9,,,,,,mean_sd,MOhm,MC_TC_spike_frequency_references - 4_mitral_cell_ephys.csv,Committed Burton 2014 legacy mitral-cell summary CSV,,intrinsic_property,legacy_csv,true,false,high,,68 +/- 21.9
Input Resistance,76.2 +/- 22.3,3,Fukunaga et al. (2012),MOhm,MC,principal_cell,,76.2,22.3,,,,,,mean_sd,MOhm,MC_TC_spike_frequency_references - 4_mitral_cell_ephys.csv,Committed Burton 2014 legacy mitral-cell summary CSV,,intrinsic_property,legacy_csv,true,false,high,,76.2 +/- 22.3
Input Resistance,94.3 +/- 40.5,35,Burton & Urban (2014),MOhm,MC,principal_cell,,94.3,40.5,,,,,,mean_sd,MOhm,MC_TC_spike_frequency_references - 4_mitral_cell_ephys.csv,Committed Burton 2014 legacy mitral-cell summary CSV,,intrinsic_property,legacy_csv,true,false,high,,94.3 +/- 40.5
Input Resistance,128.2 +/- 53.4,48,Yu et al. (2015),MOhm,MC,principal_cell,,128.2,53.4,,,,,,mean_sd,MOhm,MC_TC_spike_frequency_references - 4_mitral_cell_ephys.csv,Committed Burton 2014 legacy mitral-cell summary CSV,,intrinsic_property,legacy_csv,true,false,high,,128.2 +/- 53.4
Input Resistance,240 +/- 110,20,Shpak et al. (2012),MOhm,MC,principal_cell,,240.0,110.0,,,,,,mean_sd,MOhm,MC_TC_spike_frequency_references - 4_mitral_cell_ephys.csv,Committed Burton 2014 legacy mitral-cell summary CSV,,intrinsic_property,legacy_csv,true,false,high,,240 +/- 110
Input Resistance,299 +/- 135,35,Zibman et al. (2011),MOhm,MC,principal_cell,,299.0,135.0,,,,,,mean_sd,MOhm,MC_TC_spike_frequency_references - 4_mitral_cell_ephys.csv,Committed Burton 2014 legacy mitral-cell summary CSV,,intrinsic_property,legacy_csv,true,false,high,,299 +/- 135
Membrane Resting Voltage,-74.65 +/- 2.7,20,Shpak et al. (2012),mV,MC,principal_cell,,-74.65,2.7,,,,,,mean_sd,mV,MC_TC_spike_frequency_references - 4_mitral_cell_ephys.csv,Committed Burton 2014 legacy mitral-cell summary CSV,,intrinsic_property,legacy_csv,true,false,high,,-74.65 +/- 2.7
Membrane Resting Voltage,-71.2 +/- 5.5,48,Yu et al. (2015),mV,MC,principal_cell,,-71.2,5.5,,,,,,mean_sd,mV,MC_TC_spike_frequency_references - 4_mitral_cell_ephys.csv,Committed Burton 2014 legacy mitral-cell summary CSV,,intrinsic_property,legacy_csv,true,false,high,,-71.2 +/- 5.5
Membrane Resting Voltage,-66.9 +/- 4,35,Burton & Urban (2014),mV,MC,principal_cell,,-66.9,4.0,,,,,,mean_sd,mV,MC_TC_spike_frequency_references - 4_mitral_cell_ephys.csv,Committed Burton 2014 legacy mitral-cell summary CSV,,intrinsic_property,legacy_csv,true,false,high,,-66.9 +/- 4
Membrane Resting Voltage,-57 +/- 17,29,Abraham et al. (2010),mV,MC,principal_cell,,-57.0,17.0,,,,,,mean_sd,mV,MC_TC_spike_frequency_references - 4_mitral_cell_ephys.csv,Committed Burton 2014 legacy mitral-cell summary CSV,,intrinsic_property,legacy_csv,true,false,high,,-57 +/- 17
Membrane Time Constant,14 +/- 4.5,5,Hovis et al. (2010),ms,MC,principal_cell,,14.0,4.5,,,,,,mean_sd,ms,MC_TC_spike_frequency_references - 4_mitral_cell_ephys.csv,Committed Burton 2014 legacy mitral-cell summary CSV,,intrinsic_property,legacy_csv,true,false,high,,14 +/- 4.5
Membrane Time Constant,21.3 +/- 9.4,35,Burton & Urban (2014),ms,MC,principal_cell,,21.3,9.4,,,,,,mean_sd,ms,MC_TC_spike_frequency_references - 4_mitral_cell_ephys.csv,Committed Burton 2014 legacy mitral-cell summary CSV,,intrinsic_property,legacy_csv,true,false,high,,21.3 +/- 9.4
Membrane Time Constant,28.1 +/- 16.5,48,Yu et al. (2015),ms,MC,principal_cell,,28.1,16.5,,,,,,mean_sd,ms,MC_TC_spike_frequency_references - 4_mitral_cell_ephys.csv,Committed Burton 2014 legacy mitral-cell summary CSV,,intrinsic_property,legacy_csv,true,false,high,,28.1 +/- 16.5
Membrane Time Constant,42.5 +/- 16.1,35,Zibman et al. (2011),ms,MC,principal_cell,,42.5,16.1,,,,,,mean_sd,ms,MC_TC_spike_frequency_references - 4_mitral_cell_ephys.csv,Committed Burton 2014 legacy mitral-cell summary CSV,,intrinsic_property,legacy_csv,true,false,high,,42.5 +/- 16.1
Rebound Potential Presence,0 +/- 1,35,Burton & Urban (2014),Binary,MC,principal_cell,,0.0,1.0,,,,,,mean_sd,,MC_TC_spike_frequency_references - 4_mitral_cell_ephys.csv,Committed Burton 2014 legacy mitral-cell summary CSV,,intrinsic_property,legacy_csv,true,false,high,,0 +/- 1
Rebound Potential Presence,0 +/- 1,35,Johnson & Delaney (2010),Binary,MC,principal_cell,,0.0,1.0,,,,,,mean_sd,,MC_TC_spike_frequency_references - 4_mitral_cell_ephys.csv,Committed Burton 2014 legacy mitral-cell summary CSV,,intrinsic_property,legacy_csv,true,false,high,,0 +/- 1
Rheobase Current,111.4 +/- 55.7,35,Burton & Urban (2014),pA,MC,principal_cell,BU2014_MC_TC_2s_0_300pA_50pA,111.4,55.7,,,,,,mean_sd,pA,MC_TC_spike_frequency_references - 4_mitral_cell_ephys.csv,Committed Burton 2014 legacy mitral-cell summary CSV,,fI_summary_metric,legacy_csv,true,true,high,N_FI_PROTOCOL_DIFFERENCE,111.4 +/- 55.7
Sag Amplitude,-5 +/- 2.93,6,Hu et al. (2016),mV,MC,principal_cell,,-5.0,2.93,,,,,,mean_sd,mV,MC_TC_spike_frequency_references - 4_mitral_cell_ephys.csv,Committed Burton 2014 legacy mitral-cell summary CSV,,intrinsic_property,legacy_csv,true,false,high,,-5 +/- 2.93
Sag Amplitude,-3.8 +/- 4.1,45,Yu et al. (2015),mV,MC,principal_cell,,-3.8,4.1,,,,,,mean_sd,mV,MC_TC_spike_frequency_references - 4_mitral_cell_ephys.csv,Committed Burton 2014 legacy mitral-cell summary CSV,,intrinsic_property,legacy_csv,true,false,high,,-3.8 +/- 4.1
Sag Amplitude,-3.43 +/- 5.8,105,Angelo et al. (2012),mV,MC,principal_cell,,-3.43,5.8,,,,,,mean_sd,mV,MC_TC_spike_frequency_references - 4_mitral_cell_ephys.csv,Committed Burton 2014 legacy mitral-cell summary CSV,,intrinsic_property,legacy_csv,true,false,high,,-3.43 +/- 5.8
Sag Amplitude,-2 +/- 2.6,35,Burton & Urban (2014),mV,MC,principal_cell,,-2.0,2.6,,,,,,mean_sd,mV,MC_TC_spike_frequency_references - 4_mitral_cell_ephys.csv,Committed Burton 2014 legacy mitral-cell summary CSV,,intrinsic_property,legacy_csv,true,false,high,,-2 +/- 2.6
Spiking Rate Accommodation,-9.43 +/- 17.83,35,Burton & Urban (2014),Hz - drop in instantaneous rate over a step,MC,principal_cell,BU2014_MC_TC_2s_0_300pA_50pA,-9.43,17.83,,,,,,mean_sd,Hz,MC_TC_spike_frequency_references - 4_mitral_cell_ephys.csv,Committed Burton 2014 legacy mitral-cell summary CSV,,fI_summary_metric,legacy_csv,true,true,high,N_FI_PROTOCOL_DIFFERENCE,-9.43 +/- 17.83
Spiking Rate Accommodation,15.9 +/- 24.5,35,Zibman et al. (2011),Hz - sign convention differs,MC,principal_cell,BU2014_MC_TC_2s_0_300pA_50pA,15.9,24.5,,,,,,mean_sd,Hz,MC_TC_spike_frequency_references - 4_mitral_cell_ephys.csv,Committed Burton 2014 legacy mitral-cell summary CSV,,fI_summary_metric,legacy_csv,true,true,high,N_FI_PROTOCOL_DIFFERENCE,15.9 +/- 24.5
Spiking Rate Accom. Time Constant,113 +/- 58.8,35,Zibman et al. (2011),ms,MC,principal_cell,,113.0,58.8,,,,,,mean_sd,,MC_TC_spike_frequency_references - 4_mitral_cell_ephys.csv,Committed Burton 2014 legacy mitral-cell summary CSV,,intrinsic_property,legacy_csv,true,false,high,,113 +/- 58.8
Spiking Rate Accom. Time Constant,398 +/- 562,35,Burton & Urban (2014),ms,MC,principal_cell,,398.0,562.0,,,,,,mean_sd,,MC_TC_spike_frequency_references - 4_mitral_cell_ephys.csv,Committed Burton 2014 legacy mitral-cell summary CSV,,intrinsic_property,legacy_csv,true,false,high,,398 +/- 562
AHP Amplitude,16.8 +/- 3.3,12,Burton & Urban (2014),mV,TC,principal_cell,,16.8,3.3,,,,,,mean_sd,mV,MC_TC_spike_frequency_references - 3_tufted_cell_ephys.csv,Committed Burton 2014 legacy tufted-cell summary CSV,,intrinsic_property,legacy_csv,true,false,high,,16.8 +/- 3.3
AHP Duration,20.5 +/- 20.1,28,Burton & Urban (2014),ms,TC,principal_cell,,20.5,20.1,,,,,,mean_sd,ms,MC_TC_spike_frequency_references - 3_tufted_cell_ephys.csv,Committed Burton 2014 legacy tufted-cell summary CSV,,intrinsic_property,legacy_csv,true,false,high,,20.5 +/- 20.1
AP Amplitude,72.1 +/- 5.5,12,Burton & Urban (2014),mV,TC,principal_cell,,72.1,5.5,,,,,,mean_sd,mV,MC_TC_spike_frequency_references - 3_tufted_cell_ephys.csv,Committed Burton 2014 legacy tufted-cell summary CSV,,intrinsic_property,legacy_csv,true,false,high,,72.1 +/- 5.5
AP Threshold,-55.5 +/- 2.9,12,Burton & Urban (2014),mV,TC,principal_cell,,-55.5,2.9,,,,,,mean_sd,mV,MC_TC_spike_frequency_references - 3_tufted_cell_ephys.csv,Committed Burton 2014 legacy tufted-cell summary CSV,,intrinsic_property,legacy_csv,true,false,high,,-55.5 +/- 2.9
AP Half-Width,0.87 +/- 0.1,12,Burton & Urban (2014),ms,TC,principal_cell,,0.87,0.1,,,,,,mean_sd,ms,MC_TC_spike_frequency_references - 3_tufted_cell_ephys.csv,Committed Burton 2014 legacy tufted-cell summary CSV,,intrinsic_property,legacy_csv,true,false,high,,0.87 +/- 0.1
Capacitance,188.8 +/- 110,28,Burton & Urban (2014),pF,TC,principal_cell,,188.8,110.0,,,,,,mean_sd,pF,MC_TC_spike_frequency_references - 3_tufted_cell_ephys.csv,Committed Burton 2014 legacy tufted-cell summary CSV,,intrinsic_property,legacy_csv,true,false,high,,188.8 +/- 110
FI Curve Slope,406 +/- 144,28,Burton & Urban (2014),Hz/nA - PRIMARY spike-frequency-vs-drive metric,TC,principal_cell,BU2014_MC_TC_2s_0_300pA_50pA,406.0,144.0,,,,,,mean_sd,Hz/nA,MC_TC_spike_frequency_references - 3_tufted_cell_ephys.csv,Committed Burton 2014 legacy tufted-cell summary CSV,,fI_summary_metric,legacy_csv,true,true,high,N_FI_PROTOCOL_DIFFERENCE,406 +/- 144
ISI Coefficient of Variation,0.8 +/- 0.43,28,Burton & Urban (2014),Dimensionless - TC firing is irregular,TC,principal_cell,BU2014_MC_TC_2s_0_300pA_50pA,0.8,0.43,,,,,,mean_sd,,MC_TC_spike_frequency_references - 3_tufted_cell_ephys.csv,Committed Burton 2014 legacy tufted-cell summary CSV,,fI_summary_metric,legacy_csv,true,true,high,N_FI_PROTOCOL_DIFFERENCE,0.8 +/- 0.43
Input Resistance,89.8 +/- 34.8,6,Fukunaga et al. (2012),MOhm,TC,principal_cell,,89.8,34.8,,,,,,mean_sd,MOhm,MC_TC_spike_frequency_references - 3_tufted_cell_ephys.csv,Committed Burton 2014 legacy tufted-cell summary CSV,,intrinsic_property,legacy_csv,true,false,high,,89.8 +/- 34.8
Input Resistance,111.8 +/- 51.6,28,Burton & Urban (2014),MOhm,TC,principal_cell,,111.8,51.6,,,,,,mean_sd,MOhm,MC_TC_spike_frequency_references - 3_tufted_cell_ephys.csv,Committed Burton 2014 legacy tufted-cell summary CSV,,intrinsic_property,legacy_csv,true,false,high,,111.8 +/- 51.6
Membrane Resting Voltage,-68.5 +/- 4.7,28,Burton & Urban (2014),mV,TC,principal_cell,,-68.5,4.7,,,,,,mean_sd,mV,MC_TC_spike_frequency_references - 3_tufted_cell_ephys.csv,Committed Burton 2014 legacy tufted-cell summary CSV,,intrinsic_property,legacy_csv,true,false,high,,-68.5 +/- 4.7
Membrane Time Constant,18.8 +/- 8.6,28,Burton & Urban (2014),ms,TC,principal_cell,,18.8,8.6,,,,,,mean_sd,ms,MC_TC_spike_frequency_references - 3_tufted_cell_ephys.csv,Committed Burton 2014 legacy tufted-cell summary CSV,,intrinsic_property,legacy_csv,true,false,high,,18.8 +/- 8.6
Rebound Potential Presence,1 +/- 1,28,Burton & Urban (2014),Binary,TC,principal_cell,,1.0,1.0,,,,,,mean_sd,,MC_TC_spike_frequency_references - 3_tufted_cell_ephys.csv,Committed Burton 2014 legacy tufted-cell summary CSV,,intrinsic_property,legacy_csv,true,false,high,,1 +/- 1
Rheobase Current,94.6 +/- 49.7,28,Burton & Urban (2014),pA,TC,principal_cell,BU2014_MC_TC_2s_0_300pA_50pA,94.6,49.7,,,,,,mean_sd,pA,MC_TC_spike_frequency_references - 3_tufted_cell_ephys.csv,Committed Burton 2014 legacy tufted-cell summary CSV,,fI_summary_metric,legacy_csv,true,true,high,N_FI_PROTOCOL_DIFFERENCE,94.6 +/- 49.7
Sag Amplitude,-4.4 +/- 6.1,28,Burton & Urban (2014),mV,TC,principal_cell,,-4.4,6.1,,,,,,mean_sd,mV,MC_TC_spike_frequency_references - 3_tufted_cell_ephys.csv,Committed Burton 2014 legacy tufted-cell summary CSV,,intrinsic_property,legacy_csv,true,false,high,,-4.4 +/- 6.1
Spiking Rate Accommodation,-20.2 +/- 19.1,28,Burton & Urban (2014),Hz - drop in instantaneous rate over a step,TC,principal_cell,BU2014_MC_TC_2s_0_300pA_50pA,-20.2,19.1,,,,,,mean_sd,Hz,MC_TC_spike_frequency_references - 3_tufted_cell_ephys.csv,Committed Burton 2014 legacy tufted-cell summary CSV,,fI_summary_metric,legacy_csv,true,true,high,N_FI_PROTOCOL_DIFFERENCE,-20.2 +/- 19.1
Spiking Rate Accom. Time Constant,585 +/- 664,28,Burton & Urban (2014),ms,TC,principal_cell,,585.0,664.0,,,,,,mean_sd,,MC_TC_spike_frequency_references - 3_tufted_cell_ephys.csv,Committed Burton 2014 legacy tufted-cell summary CSV,,intrinsic_property,legacy_csv,true,false,high,,585 +/- 664
